URI,rdf-schema#label,rdf-schema#comment,assembly_label,assembly,automobilePlatform_label,automobilePlatform,bodyStyle_label,bodyStyle,class_label,class,designCompany_label,designCompany,designer_label,designer,engine_label,engine,fuelCapacity,height,layout_label,layout,length,manufacturer_label,manufacturer,modelEndYear,modelStartYear,parentCompany_label,parentCompany,predecessor_label,predecessor,productionEndDate,productionEndYear,productionStartDate,productionStartYear,relatedMeanOfTransportation_label,relatedMeanOfTransportation,sales_label,sales,successor_label,successor,thumbnail_label,thumbnail,transmission,variantOf_label,variantOf,vehicle_label,vehicle,weight,wheelbase,width,point,22-rdf-syntax-ns#type_label,22-rdf-syntax-ns#type,wgs84_pos#lat,wgs84_pos#long,depiction_label,depiction,name
URI,http://www.w3.org/2000/01/rdf-schema#label,http://www.w3.org/2000/01/rdf-schema#comment,http://dbpedia.org/ontology/assembly,http://dbpedia.org/ontology/assembly,http://dbpedia.org/ontology/automobilePlatform,http://dbpedia.org/ontology/automobilePlatform,http://dbpedia.org/ontology/bodyStyle,http://dbpedia.org/ontology/bodyStyle,http://dbpedia.org/ontology/class,http://dbpedia.org/ontology/class,http://dbpedia.org/ontology/designCompany,http://dbpedia.org/ontology/designCompany,http://dbpedia.org/ontology/designer,http://dbpedia.org/ontology/designer,http://dbpedia.org/ontology/engine,http://dbpedia.org/ontology/engine,http://dbpedia.org/ontology/fuelCapacity,http://dbpedia.org/ontology/height,http://dbpedia.org/ontology/layout,http://dbpedia.org/ontology/layout,http://dbpedia.org/ontology/length,http://dbpedia.org/ontology/manufacturer,http://dbpedia.org/ontology/manufacturer,http://dbpedia.org/ontology/modelEndYear,http://dbpedia.org/ontology/modelStartYear,http://dbpedia.org/ontology/parentCompany,http://dbpedia.org/ontology/parentCompany,http://dbpedia.org/ontology/predecessor,http://dbpedia.org/ontology/predecessor,http://dbpedia.org/ontology/productionEndDate,http://dbpedia.org/ontology/productionEndYear,http://dbpedia.org/ontology/productionStartDate,http://dbpedia.org/ontology/productionStartYear,http://dbpedia.org/ontology/relatedMeanOfTransportation,http://dbpedia.org/ontology/relatedMeanOfTransportation,http://dbpedia.org/ontology/sales,http://dbpedia.org/ontology/sales,http://dbpedia.org/ontology/successor,http://dbpedia.org/ontology/successor,http://dbpedia.org/ontology/thumbnail,http://dbpedia.org/ontology/thumbnail,http://dbpedia.org/ontology/transmission,http://dbpedia.org/ontology/variantOf,http://dbpedia.org/ontology/variantOf,http://dbpedia.org/ontology/vehicle,http://dbpedia.org/ontology/vehicle,http://dbpedia.org/ontology/weight,http://dbpedia.org/ontology/wheelbase,http://dbpedia.org/ontology/width,http://www.georss.org/georss/point,http://www.w3.org/1999/02/22-rdf-syntax-ns#type,http://www.w3.org/1999/02/22-rdf-syntax-ns#type,http://www.w3.org/2003/01/geo/wgs84_pos#lat,http://www.w3.org/2003/01/geo/wgs84_pos#long,http://xmlns.com/foaf/0.1/depiction,http://xmlns.com/foaf/0.1/depiction,http://xmlns.com/foaf/0.1/name
URI,XMLSchema#string,XMLSchema#string,XMLSchema#string,owl#Thing,XMLSchema#string,Automobile,XMLSchema#string,owl#Thing,XMLSchema#string,owl#Thing,XMLSchema#string,Company,XMLSchema#string,Person,XMLSchema#string,AutomobileEngine,XMLSchema#double,XMLSchema#double,XMLSchema#string,owl#Thing,XMLSchema#double,XMLSchema#string,Organisation,XMLSchema#gYear,XMLSchema#gYear,XMLSchema#string,Company,XMLSchema#string,owl#Thing,XMLSchema#date,XMLSchema#gYear,XMLSchema#date,XMLSchema#gYear,XMLSchema#string,MeanOfTransportation,XMLSchema#string,Sales,XMLSchema#string,owl#Thing,XMLSchema#string,owl#Thing,XMLSchema#string,XMLSchema#string,owl#Thing,XMLSchema#string,Automobile,XMLSchema#double,XMLSchema#double,XMLSchema#double,XMLSchema#string,XMLSchema#string,owl#Class,XMLSchema#float,XMLSchema#float,XMLSchema#string,owl#Thing,XMLSchema#string
http://www.w3.org/2002/07/owl#Thing,http://www.w3.org/2001/XMLSchema#string,http://www.w3.org/2001/XMLSchema#string,http://www.w3.org/2001/XMLSchema#string,http://www.w3.org/2002/07/owl#Thing,http://www.w3.org/2001/XMLSchema#string,http://dbpedia.org/ontology/Automobile,http://www.w3.org/2001/XMLSchema#string,http://www.w3.org/2002/07/owl#Thing,http://www.w3.org/2001/XMLSchema#string,http://www.w3.org/2002/07/owl#Thing,http://www.w3.org/2001/XMLSchema#string,http://dbpedia.org/ontology/Company,http://www.w3.org/2001/XMLSchema#string,http://dbpedia.org/ontology/Person,http://www.w3.org/2001/XMLSchema#string,http://dbpedia.org/ontology/AutomobileEngine,http://www.w3.org/2001/XMLSchema#double,http://www.w3.org/2001/XMLSchema#double,http://www.w3.org/2001/XMLSchema#string,http://www.w3.org/2002/07/owl#Thing,http://www.w3.org/2001/XMLSchema#double,http://www.w3.org/2001/XMLSchema#string,http://dbpedia.org/ontology/Organisation,http://www.w3.org/2001/XMLSchema#gYear,http://www.w3.org/2001/XMLSchema#gYear,http://www.w3.org/2001/XMLSchema#string,http://dbpedia.org/ontology/Company,http://www.w3.org/2001/XMLSchema#string,http://www.w3.org/2002/07/owl#Thing,http://www.w3.org/2001/XMLSchema#date,http://www.w3.org/2001/XMLSchema#gYear,http://www.w3.org/2001/XMLSchema#date,http://www.w3.org/2001/XMLSchema#gYear,http://www.w3.org/2001/XMLSchema#string,http://dbpedia.org/ontology/MeanOfTransportation,http://www.w3.org/2001/XMLSchema#string,http://dbpedia.org/ontology/Sales,http://www.w3.org/2001/XMLSchema#string,http://www.w3.org/2002/07/owl#Thing,http://www.w3.org/2001/XMLSchema#string,http://www.w3.org/2002/07/owl#Thing,http://www.w3.org/2001/XMLSchema#string,http://www.w3.org/2001/XMLSchema#string,http://www.w3.org/2002/07/owl#Thing,http://www.w3.org/2001/XMLSchema#string,http://dbpedia.org/ontology/Automobile,http://www.w3.org/2001/XMLSchema#double,http://www.w3.org/2001/XMLSchema#double,http://www.w3.org/2001/XMLSchema#double,http://www.w3.org/2001/XMLSchema#string,http://www.w3.org/2001/XMLSchema#string,http://www.w3.org/2002/07/owl#Class,http://www.w3.org/2001/XMLSchema#float,http://www.w3.org/2001/XMLSchema#float,http://www.w3.org/2001/XMLSchema#string,http://www.w3.org/2002/07/owl#Thing,http://www.w3.org/2001/XMLSchema#string
http://dbpedia.org/resource/Crawler-transporter,Crawler-transporter,The crawler-transporters are a pair of tracked vehicles used to transport spacecraft from NASA's Vehicle Assembly Building (VAB) along the Crawlerway to Launch Complex 39. They were originally used to transport the Saturn IB and Saturn V rockets during the Apollo Skylab and Apollo‚ÄìSoyuz programs. They were then used to transport Space Shuttles from 1981 to 2011.,NULL,NULL,NULL,NULL,NULL,NULL,NULL,NULL,NULL,NULL,NULL,NULL,Crawler-transporter__1,http://dbpedia.org/resource/Crawler-transporter__1,NULL,NULL,NULL,NULL,39.9288,Marion Power Shovel Company,http://dbpedia.org/resource/Marion_Power_Shovel_Company,NULL,NULL,NULL,NULL,NULL,NULL,NULL,NULL,NULL,NULL,NULL,NULL,NULL,NULL,NULL,NULL,200px-Crawler-Transporter.jpg,http://upload.wikimedia.org/wikipedia/commons/thumb/6/6d/Crawler-Transporter.jpg/200px-Crawler-Transporter.jpg,16 traction motors powered by four  generators,NULL,NULL,NULL,NULL,2.72E+09,NULL,34.7472,28.58808 -80.65521,{automobile|mean of transportation|Product|_Feature|owl#Thing},{http://dbpedia.org/ontology/Automobile|http://dbpedia.org/ontology/MeanOfTransportation|http://schema.org/Product|http://www.opengis.net/gml/_Feature|http://www.w3.org/2002/07/owl#Thing},28.5881,-80.6552,Crawler-Transporter.jpg,http://upload.wikimedia.org/wikipedia/commons/6/6d/Crawler-Transporter.jpg,Crawler-transporter
http://dbpedia.org/resource/Ford_GT40,Ford GT40,The Ford GT40 is a high performance American-British racing car built and designed in England (MkI MkII and MkIII) and in the United States (MkIV) respectively and powered by a series of American-built engines which won the 24 Hours of Le Mans four consecutive times from 1966 to 1969 (1966 being the Mk II 1967 the Mk IV and 1968-1969 the oldest chassis design the Mk I).,NULL,NULL,NULL,NULL,{Coup√©|Roadster (automobile)},{http://dbpedia.org/resource/Coup%C3%A9|http://dbpedia.org/resource/Roadster_(automobile)},{Group 4 (racing)|Group 6 (racing)},{http://dbpedia.org/resource/Group_4_(racing)|http://dbpedia.org/resource/Group_6_(racing)},NULL,NULL,NULL,NULL,{Ford_GT40__1|Ford_GT40__2|Ford_GT40__3|Ford_GT40__4},{http://dbpedia.org/resource/Ford_GT40__1|http://dbpedia.org/resource/Ford_GT40__2|http://dbpedia.org/resource/Ford_GT40__3|http://dbpedia.org/resource/Ford_GT40__4},NULL,1.0287,NULL,NULL,4.064,{Carroll Shelby International|Ford_Advanced_Vehicles|John Wyer|Kar_Kraft},{http://dbpedia.org/resource/Carroll_Shelby_International|http://dbpedia.org/resource/Ford_Advanced_Vehicles|http://dbpedia.org/resource/John_Wyer|http://dbpedia.org/resource/Kar_Kraft},NULL,NULL,NULL,NULL,NULL,NULL,NULL,1969-01-01T00:00:00+02:00,NULL,1964-01-01T00:00:00+02:00,NULL,NULL,NULL,NULL,Ford P68,http://dbpedia.org/resource/Ford_P68,200px-GT40_at_Goodwood.jpg,http://upload.wikimedia.org/wikipedia/commons/thumb/a/a6/GT40_at_Goodwood.jpg/200px-GT40_at_Goodwood.jpg,4-speed manual,NULL,NULL,NULL,NULL,908107,2.413,1.778,NULL,{automobile|mean of transportation|Product|owl#Thing},{http://dbpedia.org/ontology/Automobile|http://dbpedia.org/ontology/MeanOfTransportation|http://schema.org/Product|http://www.w3.org/2002/07/owl#Thing},NULL,NULL,GT40_at_Goodwood.jpg,http://upload.wikimedia.org/wikipedia/commons/a/a6/GT40_at_Goodwood.jpg,Ford GT40
http://dbpedia.org/resource/Mazda_MX-5,Mazda MX-5,The MX-5 also known as Miata in North America and Eunos Roadster in Japan is a lightweight two-seater roadster of front-engine rear-wheel-drive layout built by Mazda in Hiroshima Japan. The model was introduced in 1989 at the Chicago Auto Show.,{Hiroshima|Japan},{http://dbpedia.org/resource/Hiroshima|http://dbpedia.org/resource/Japan},Mazda N platform,http://dbpedia.org/resource/Mazda_N_platform,NULL,NULL,Roadster (automobile),http://dbpedia.org/resource/Roadster_(automobile),NULL,NULL,NULL,NULL,NULL,NULL,NULL,NULL,Front-engine rear-wheel-drive layout,"http://dbpedia.org/resource/Front-engine,_rear-wheel-drive_layout",NULL,Mazda,http://dbpedia.org/resource/Mazda,NULL,NULL,NULL,NULL,NULL,NULL,NULL,NULL,NULL,1989-01-01T00:00:00+02:00,NULL,NULL,NULL,NULL,NULL,NULL,200px-2011_Mazda_MX-5_PRHT_--_04-28-2011.jpg,http://upload.wikimedia.org/wikipedia/commons/thumb/4/4b/2011_Mazda_MX-5_PRHT_--_04-28-2011.jpg/200px-2011_Mazda_MX-5_PRHT_--_04-28-2011.jpg,NULL,NULL,NULL,NULL,NULL,NULL,NULL,NULL,NULL,{automobile|mean of transportation|Product|owl#Thing},{http://dbpedia.org/ontology/Automobile|http://dbpedia.org/ontology/MeanOfTransportation|http://schema.org/Product|http://www.w3.org/2002/07/owl#Thing},NULL,NULL,2011_Mazda_MX-5_PRHT_--_04-28-2011.jpg,http://upload.wikimedia.org/wikipedia/commons/4/4b/2011_Mazda_MX-5_PRHT_--_04-28-2011.jpg,{Eunos Roadster|Mazda MX-5|Mazda MX-5 Miata|Mazda Miata|Mazda Roadster}
http://dbpedia.org/resource/Porsche_928,Porsche 928,The Porsche 928 is a sports-GT car that was sold by Porsche AG of Germany from 1978 to 1995. Originally intended to replace the company's iconic 911 the 928 combined the power poise and handling of a sports car with the refinement comfort and equipment of a luxury sedan to create what some Porsche executives thought would be a vehicle with wider appeal than the compact quirky and sometimes difficult 911.,{Germany|Stuttgart},{http://dbpedia.org/resource/Germany|http://dbpedia.org/resource/Stuttgart},NULL,NULL,Coup√©,http://dbpedia.org/resource/Coup%C3%A9,Grand tourer,http://dbpedia.org/resource/Grand_tourer,NULL,NULL,NULL,NULL,{Porsche_928__1|Porsche_928__2|Porsche_928__3|Porsche_928__4},{http://dbpedia.org/resource/Porsche_928__1|http://dbpedia.org/resource/Porsche_928__2|http://dbpedia.org/resource/Porsche_928__3|http://dbpedia.org/resource/Porsche_928__4},NULL,1.27508,Front-engine rear-wheel-drive layout,"http://dbpedia.org/resource/Front-engine,_rear-wheel-drive_layout",4.52,Porsche,http://dbpedia.org/resource/Porsche,NULL,NULL,NULL,NULL,NULL,NULL,NULL,1995-01-01T00:00:00+02:00,NULL,1977-01-01T00:00:00+02:00,NULL,NULL,NULL,NULL,NULL,NULL,200px-1987_Porsche_928_S4_front.jpg,http://upload.wikimedia.org/wikipedia/commons/thumb/2/28/1987_Porsche_928_S4_front.jpg/200px-1987_Porsche_928_S4_front.jpg,{3-speed automatic|4-speed automatic|5-speed manual},NULL,NULL,NULL,NULL,1.45E+06,2.5,1.89,NULL,{automobile|mean of transportation|Product|owl#Thing},{http://dbpedia.org/ontology/Automobile|http://dbpedia.org/ontology/MeanOfTransportation|http://schema.org/Product|http://www.w3.org/2002/07/owl#Thing},NULL,NULL,1987_Porsche_928_S4_front.jpg,http://upload.wikimedia.org/wikipedia/commons/2/28/1987_Porsche_928_S4_front.jpg,Porsche 928
http://dbpedia.org/resource/Porsche_924,Porsche 924,The Porsche 924 is a sports car produced by Porsche AG of Germany from 1976 to 1988. A two-door 2+2 coup√© the 924 replaced the 914 as the company's entry-level model and was the model that finally retired the 912. In production terms the 924 was the first Porsche model powered by a water-cooled front-mounted engine although the similarly configured 928 was designed first.,NULL,NULL,NULL,NULL,2+2 (car body style),http://dbpedia.org/resource/2+2_(car_body_style),Sports car,http://dbpedia.org/resource/Sports_car,Harm Lagaay,http://dbpedia.org/resource/Harm_Lagaay,Harm Lagaay,http://dbpedia.org/resource/Harm_Lagaay,Porsche_924__1,http://dbpedia.org/resource/Porsche_924__1,NULL,1.27,Front-engine rear-wheel-drive layout,"http://dbpedia.org/resource/Front-engine,_rear-wheel-drive_layout",4.2,Porsche,http://dbpedia.org/resource/Porsche,NULL,NULL,NULL,NULL,Porsche 914,http://dbpedia.org/resource/Porsche_914,NULL,1988-01-01T00:00:00+02:00,NULL,1976-01-01T00:00:00+02:00,NULL,NULL,NULL,NULL,Porsche 944,http://dbpedia.org/resource/Porsche_944,200px-1977-1982_Porsche_924_coupe_(2011-04-28)_01.jpg,http://upload.wikimedia.org/wikipedia/commons/thumb/2/28/1977-1982_Porsche_924_coupe_(2011-04-28)_01.jpg/200px-1977-1982_Porsche_924_coupe_(2011-04-28)_01.jpg,NULL,NULL,NULL,NULL,NULL,1.08E+06,NULL,1.685,NULL,{automobile|mean of transportation|Product|owl#Thing},{http://dbpedia.org/ontology/Automobile|http://dbpedia.org/ontology/MeanOfTransportation|http://schema.org/Product|http://www.w3.org/2002/07/owl#Thing},NULL,NULL,1977-1982_Porsche_924_coupe_(2011-04-28)_01.jpg,http://upload.wikimedia.org/wikipedia/commons/2/28/1977-1982_Porsche_924_coupe_(2011-04-28)_01.jpg,Porsche 924
http://dbpedia.org/resource/Porsche_944,Porsche 944,The Porsche 944 is a sports car built by Porsche from 1982 to 1991. It was built on the same platform as the 924 although 924 production continued only until 1988. The 944 was intended to last into the 1990s but major revisions planned for a 944 S3 model were eventually rolled into the 968 instead which replaced the 944. The 944 was a successful model and was available as both a coup√© and cabriolet in naturally aspirated and turbocharged forms.,{Germany|Neckarsulm},{http://dbpedia.org/resource/Germany|http://dbpedia.org/resource/Neckarsulm},NULL,NULL,{Convertible|Coup√©},{http://dbpedia.org/resource/Convertible|http://dbpedia.org/resource/Coup%C3%A9},Sports car,http://dbpedia.org/resource/Sports_car,Harm Lagaay,http://dbpedia.org/resource/Harm_Lagaay,Harm Lagaay,http://dbpedia.org/resource/Harm_Lagaay,{Porsche_944__1|Porsche_944__2|Porsche_944__3},{http://dbpedia.org/resource/Porsche_944__1|http://dbpedia.org/resource/Porsche_944__2|http://dbpedia.org/resource/Porsche_944__3},NULL,1.27508,Front-engine rear-wheel-drive layout,"http://dbpedia.org/resource/Front-engine,_rear-wheel-drive_layout",4.318,Porsche,http://dbpedia.org/resource/Porsche,NULL,NULL,NULL,NULL,Porsche 924,http://dbpedia.org/resource/Porsche_924,NULL,1991-01-01T00:00:00+02:00,NULL,1982-01-01T00:00:00+02:00,NULL,NULL,NULL,NULL,Porsche 968,http://dbpedia.org/resource/Porsche_968,200px-1986_944_Turbo_.jpg,http://upload.wikimedia.org/wikipedia/commons/thumb/7/7e/1986_944_Turbo_.jpg/200px-1986_944_Turbo_.jpg,{3-speed automatic|5-speed manual},NULL,NULL,NULL,NULL,NULL,2.4003,1.73482,NULL,{automobile|mean of transportation|Product|owl#Thing},{http://dbpedia.org/ontology/Automobile|http://dbpedia.org/ontology/MeanOfTransportation|http://schema.org/Product|http://www.w3.org/2002/07/owl#Thing},NULL,NULL,1986_944_Turbo_.jpg,http://upload.wikimedia.org/wikipedia/commons/7/7e/1986_944_Turbo_.jpg,Porsche 944
http://dbpedia.org/resource/Porsche_968,Porsche 968,The 968 is a sports car sold by Porsche AG from 1992 to 1995. It took over the entry-level position in Porsche's lineup from the 944 with which it shared about 20% of its parts. The 968 became the final model in an evolving line starting almost 20 years earlier with the introduction of the Porsche 924.,{Germany|Stuttgart},{http://dbpedia.org/resource/Germany|http://dbpedia.org/resource/Stuttgart},NULL,NULL,{Convertible|Coup√©},{http://dbpedia.org/resource/Convertible|http://dbpedia.org/resource/Coup%C3%A9},Sports car,http://dbpedia.org/resource/Sports_car,Harm Lagaay,http://dbpedia.org/resource/Harm_Lagaay,Harm Lagaay,http://dbpedia.org/resource/Harm_Lagaay,{Porsche_968__1|Porsche_968__2},{http://dbpedia.org/resource/Porsche_968__1|http://dbpedia.org/resource/Porsche_968__2},NULL,1.27508,Front-engine rear-wheel-drive layout,"http://dbpedia.org/resource/Front-engine,_rear-wheel-drive_layout",4.32054,Porsche,http://dbpedia.org/resource/Porsche,NULL,NULL,NULL,NULL,Porsche 944,http://dbpedia.org/resource/Porsche_944,NULL,1995-01-01T00:00:00+02:00,NULL,1992-01-01T00:00:00+02:00,NULL,NULL,NULL,NULL,{Porsche Boxster|Porsche Cayman},{http://dbpedia.org/resource/Porsche_Boxster|http://dbpedia.org/resource/Porsche_Cayman},200px-Porsche_968_CS_Seitenansicht.jpg,http://upload.wikimedia.org/wikipedia/commons/thumb/4/45/Porsche_968_CS_Seitenansicht.jpg/200px-Porsche_968_CS_Seitenansicht.jpg,{4-speed tiptronic|6-speed manual},NULL,NULL,NULL,NULL,1.40E+06,2.4003,1.73482,NULL,{automobile|mean of transportation|Product|owl#Thing},{http://dbpedia.org/ontology/Automobile|http://dbpedia.org/ontology/MeanOfTransportation|http://schema.org/Product|http://www.w3.org/2002/07/owl#Thing},NULL,NULL,Porsche_968_CS_Seitenansicht.jpg,http://upload.wikimedia.org/wikipedia/commons/4/45/Porsche_968_CS_Seitenansicht.jpg,Porsche 968
http://dbpedia.org/resource/Porsche_912,Porsche 912,The Porsche 912 is a sports car that was manufactured by Porsche of Germany between 1965 and 1969 as their entry-level model. The 912 is a nimble-handling compact performance four-seat vehicle delivering 90 SAE horsepower at 5800 rpm. It is capable of up to 30¬†miles per US gallon fuel economy. This combination is possible because of a high-efficiency petrol engine low weight and low drag.,NULL,NULL,NULL,NULL,Coup√©,http://dbpedia.org/resource/Coup%C3%A9,Sports car,http://dbpedia.org/resource/Sports_car,NULL,NULL,NULL,NULL,{Porsche_912__1|Porsche_912__2},{http://dbpedia.org/resource/Porsche_912__1|http://dbpedia.org/resource/Porsche_912__2},NULL,1.32,Rear-engine rear-wheel-drive layout,"http://dbpedia.org/resource/Rear-engine,_rear-wheel-drive_layout",4.135,Porsche,http://dbpedia.org/resource/Porsche,NULL,NULL,NULL,NULL,Porsche 356,http://dbpedia.org/resource/Porsche_356,NULL,1969-01-01T00:00:00+02:00,NULL,1965-01-01T00:00:00+02:00,NULL,NULL,NULL,NULL,Porsche 914,http://dbpedia.org/resource/Porsche_914,200px-Porsche_912_Coup√©_B_vr.jpg,http://upload.wikimedia.org/wikipedia/commons/thumb/5/5b/Porsche_912_Coup√©_B_vr.jpg/200px-Porsche_912_Coup√©_B_vr.jpg,NULL,NULL,NULL,NULL,NULL,965000,2.255,1.6,NULL,{automobile|mean of transportation|Product|owl#Thing},{http://dbpedia.org/ontology/Automobile|http://dbpedia.org/ontology/MeanOfTransportation|http://schema.org/Product|http://www.w3.org/2002/07/owl#Thing},NULL,NULL,Porsche_912_Coup√©_B_vr.jpg,http://upload.wikimedia.org/wikipedia/commons/5/5b/Porsche_912_Coup√©_B_vr.jpg,Porsche 912
http://dbpedia.org/resource/Porsche_356,Porsche 356,The Porsche 356 was the company's first production automobile. It was a lightweight and nimble-handling rear-engine rear-wheel-drive 2-door sports car available in hardtop coupe and open configurations. Design innovations continued during the years of manufacture contributing to its motorsports success and popularity. Production started in 1948 at Gm√ºnd Austria where approximately 50 cars were built.,NULL,NULL,NULL,NULL,{Convertible|Coup√©},{http://dbpedia.org/resource/Convertible|http://dbpedia.org/resource/Coup%C3%A9},Sports car,http://dbpedia.org/resource/Sports_car,Erwin Komenda,http://dbpedia.org/resource/Erwin_Komenda,Erwin Komenda,http://dbpedia.org/resource/Erwin_Komenda,{Porsche_356__1|Porsche_356__2|Porsche_356__3|Porsche_356__4|Porsche_356__5|Porsche_356__6|Porsche_356__7},{http://dbpedia.org/resource/Porsche_356__1|http://dbpedia.org/resource/Porsche_356__2|http://dbpedia.org/resource/Porsche_356__3|http://dbpedia.org/resource/Porsche_356__4|http://dbpedia.org/resource/Porsche_356__5|http://dbpedia.org/resource/Porsche_356__6|http://dbpedia.org/resource/Porsche_356__7},NULL,NULL,Rear-engine rear-wheel-drive layout,"http://dbpedia.org/resource/Rear-engine,_rear-wheel-drive_layout",NULL,Porsche,http://dbpedia.org/resource/Porsche,NULL,NULL,NULL,NULL,NULL,NULL,NULL,1965-01-01T00:00:00+02:00,NULL,1948-01-01T00:00:00+02:00,NULL,NULL,NULL,NULL,{Porsche 911|Porsche 912},{http://dbpedia.org/resource/Porsche_911|http://dbpedia.org/resource/Porsche_912},200px-Porsche_90.jpg,http://upload.wikimedia.org/wikipedia/commons/thumb/6/6d/Porsche_90.jpg/200px-Porsche_90.jpg,NULL,NULL,NULL,NULL,NULL,NULL,2.10058,1.66116,NULL,{automobile|mean of transportation|Product|owl#Thing},{http://dbpedia.org/ontology/Automobile|http://dbpedia.org/ontology/MeanOfTransportation|http://schema.org/Product|http://www.w3.org/2002/07/owl#Thing},NULL,NULL,Porsche_90.jpg,http://upload.wikimedia.org/wikipedia/commons/6/6d/Porsche_90.jpg,Porsche 356
http://dbpedia.org/resource/Porsche_Boxster,Porsche Boxster,The Porsche Boxster is a mid-engined two-seater roadster built by Porsche. The Boxster is Porsche's first road vehicle to be originally designed as a roadster since the 550 Spyder. The first-generation Boxster (the 986) was introduced in late 1996; it was powered by a 2.5 litre flat six-cylinder engine. The design was heavily influenced by the 1993 Boxster Concept.,{Finland|Germany|Osnabr√ºck|Stuttgart|Uusikaupunki},{http://dbpedia.org/resource/Finland|http://dbpedia.org/resource/Germany|http://dbpedia.org/resource/Osnabr%C3%BCck|http://dbpedia.org/resource/Stuttgart|http://dbpedia.org/resource/Uusikaupunki},NULL,NULL,Roadster (automobile),http://dbpedia.org/resource/Roadster_(automobile),Sports car,http://dbpedia.org/resource/Sports_car,NULL,NULL,NULL,NULL,NULL,NULL,NULL,NULL,Rear mid-engine rear-wheel-drive layout,"http://dbpedia.org/resource/Rear_mid-engine,_rear-wheel-drive_layout",NULL,Porsche,http://dbpedia.org/resource/Porsche,NULL,NULL,NULL,NULL,Porsche 968,http://dbpedia.org/resource/Porsche_968,NULL,NULL,NULL,1996-01-01T00:00:00+02:00,Porsche Cayman,http://dbpedia.org/resource/Porsche_Cayman,NULL,NULL,NULL,NULL,200px-Porsche_Boxster_front_20080521.jpg,http://upload.wikimedia.org/wikipedia/commons/thumb/1/1d/Porsche_Boxster_front_20080521.jpg/200px-Porsche_Boxster_front_20080521.jpg,NULL,NULL,NULL,NULL,NULL,NULL,NULL,NULL,NULL,{automobile|mean of transportation|Product|owl#Thing},{http://dbpedia.org/ontology/Automobile|http://dbpedia.org/ontology/MeanOfTransportation|http://schema.org/Product|http://www.w3.org/2002/07/owl#Thing},NULL,NULL,Porsche_Boxster_front_20080521.jpg,http://upload.wikimedia.org/wikipedia/commons/1/1d/Porsche_Boxster_front_20080521.jpg,Porsche Boxster
http://dbpedia.org/resource/Subaru_Forester,Subaru Forester,The Subaru Forester is a crossover manufactured since 1997 by Fuji Heavy Industries and sold under the Subaru brand. Available in Japan from 1997 the Forester shares its platform with the Impreza. It was introduced in 1997 as a compact crossover wagon. After ten years of production it grew to a mid-size crossover SUV.,≈åta Gunma,"http://dbpedia.org/resource/%C5%8Cta,_Gunma",NULL,NULL,Crossover (automobile),http://dbpedia.org/resource/Crossover_(automobile),Crossover (automobile),http://dbpedia.org/resource/Crossover_(automobile),NULL,NULL,NULL,NULL,NULL,NULL,NULL,NULL,Front-engine four-wheel-drive layout,"http://dbpedia.org/resource/Front-engine,_four-wheel-drive_layout",NULL,Subaru,http://dbpedia.org/resource/Subaru,NULL,NULL,NULL,NULL,NULL,NULL,NULL,NULL,NULL,1997-01-01T00:00:00+02:00,NULL,NULL,NULL,NULL,NULL,NULL,200px-2010_Subaru_Forester_2.5X_Limited_6_--_10-02-2009.jpg,http://upload.wikimedia.org/wikipedia/commons/thumb/2/23/2010_Subaru_Forester_2.5X_Limited_6_--_10-02-2009.jpg/200px-2010_Subaru_Forester_2.5X_Limited_6_--_10-02-2009.jpg,NULL,NULL,NULL,NULL,NULL,NULL,NULL,NULL,NULL,{automobile|mean of transportation|Product|owl#Thing},{http://dbpedia.org/ontology/Automobile|http://dbpedia.org/ontology/MeanOfTransportation|http://schema.org/Product|http://www.w3.org/2002/07/owl#Thing},NULL,NULL,2010_Subaru_Forester_2.5X_Limited_6_--_10-02-2009.jpg,http://upload.wikimedia.org/wikipedia/commons/2/23/2010_Subaru_Forester_2.5X_Limited_6_--_10-02-2009.jpg,Subaru Forester
http://dbpedia.org/resource/Trabant,Trabant,The Trabant /tr…ôÀàb…ëÀênt/ is a car that was produced by former East German auto maker VEB Sachsenring Automobilwerke Zwickau in Zwickau Saxony. It was the most common vehicle in East Germany and was also exported to countries both inside and outside the communist bloc. The main selling points were that it had room for four adults and luggage in a compact light and durable shell; it was fast (when introduced); and it was durable.,NULL,NULL,NULL,NULL,{Sedan (automobile)|Station wagon},{http://dbpedia.org/resource/Sedan_(automobile)|http://dbpedia.org/resource/Station_wagon},NULL,NULL,NULL,NULL,NULL,NULL,{Trabant__1|Trabant__2},{http://dbpedia.org/resource/Trabant__1|http://dbpedia.org/resource/Trabant__2},NULL,NULL,Front-engine front-wheel-drive layout,"http://dbpedia.org/resource/Front-engine,_front-wheel-drive_layout",3.36,HQM Sachsenring GmbH,http://dbpedia.org/resource/HQM_Sachsenring_GmbH,NULL,NULL,NULL,NULL,NULL,NULL,NULL,1990-01-01T00:00:00+02:00,NULL,1957-01-01T00:00:00+02:00,NULL,NULL,NULL,NULL,NULL,NULL,200px-Trabbi_601-S_-_Typenschild_1.jpg,http://upload.wikimedia.org/wikipedia/commons/thumb/e/e1/Trabbi_601-S_-_Typenschild_1.jpg/200px-Trabbi_601-S_-_Typenschild_1.jpg,NULL,NULL,NULL,NULL,NULL,NULL,2.02,1.5,NULL,{automobile|mean of transportation|Product|owl#Thing},{http://dbpedia.org/ontology/Automobile|http://dbpedia.org/ontology/MeanOfTransportation|http://schema.org/Product|http://www.w3.org/2002/07/owl#Thing},NULL,NULL,Trabbi_601-S_-_Typenschild_1.jpg,http://upload.wikimedia.org/wikipedia/commons/e/e1/Trabbi_601-S_-_Typenschild_1.jpg,Trabant
http://dbpedia.org/resource/Tatra_600,Tatra 600,The Tatra 600 named the Tatraplan was a large car from the Czech manufacturer Tatra. After World War II Tatra continued its pre-war business of building passenger cars in addition to commercial (and military) vehicles. The factory was nationalised in 1946 two years before the Communist takeover. Although production of pre-war models continued a new model the Tatra 600 Tatraplan was designed in 1946-47 by Josef Chalupa Vladim√≠r Popel√°≈ô Franti≈°ek Kardaus and Hans Ledwinka.,{Kop≈ôivnice|Mlad√° Boleslav},{http://dbpedia.org/resource/Kop%C5%99ivnice|http://dbpedia.org/resource/Mlad%C3%A1_Boleslav},NULL,NULL,Sedan (automobile),http://dbpedia.org/resource/Sedan_(automobile),NULL,NULL,{Franti≈°ek Kardaus|Hans Ledwinka},{http://dbpedia.org/resource/Franti%C5%A1ek_Kardaus|http://dbpedia.org/resource/Hans_Ledwinka},{Franti≈°ek Kardaus|Hans Ledwinka},{http://dbpedia.org/resource/Franti%C5%A1ek_Kardaus|http://dbpedia.org/resource/Hans_Ledwinka},Tatra_600__1,http://dbpedia.org/resource/Tatra_600__1,NULL,NULL,Rear-engine rear-wheel-drive layout,"http://dbpedia.org/resource/Rear-engine,_rear-wheel-drive_layout",4.54,Tatra (company),http://dbpedia.org/resource/Tatra_(company),NULL,NULL,NULL,NULL,Tatra 97,http://dbpedia.org/resource/Tatra_97,NULL,1952-01-01T00:00:00+02:00,NULL,1946-01-01T00:00:00+02:00,NULL,NULL,NULL,NULL,Tatra 603,http://dbpedia.org/resource/Tatra_603,200px-Tatra_T600_Tatraplan_z01.JPG,http://upload.wikimedia.org/wikipedia/commons/thumb/9/96/Tatra_T600_Tatraplan_z01.JPG/200px-Tatra_T600_Tatraplan_z01.JPG,4-speed manual,NULL,NULL,NULL,NULL,NULL,2.7,NULL,NULL,{automobile|mean of transportation|Product|owl#Thing},{http://dbpedia.org/ontology/Automobile|http://dbpedia.org/ontology/MeanOfTransportation|http://schema.org/Product|http://www.w3.org/2002/07/owl#Thing},NULL,NULL,Tatra_T600_Tatraplan_z01.JPG,http://upload.wikimedia.org/wikipedia/commons/9/96/Tatra_T600_Tatraplan_z01.JPG,Tatra 600 Tatraplan
http://dbpedia.org/resource/Nissan_Z-car,Nissan Z-car,The Z-car is a series of sports cars manufactured by Nissan Motors Ltd.. The original Z was sold in October 1969 in Japan as the Nissan Fairlady Z and was sold in Japan at Nissan Exhibition dealerships that previously sold the Nissan Bluebird. It was exported as the Datsun 240Z. Since 2009 Nissan has manufactured the newest Z the 370Z.,{Hiratsuka Kanagawa|Japan|Tochigi Tochigi|Yokosuka Kanagawa},"{http://dbpedia.org/resource/Hiratsuka,_Kanagawa|http://dbpedia.org/resource/Japan|http://dbpedia.org/resource/Tochigi,_Tochigi|http://dbpedia.org/resource/Yokosuka,_Kanagawa}",NULL,NULL,NULL,NULL,Sports car,http://dbpedia.org/resource/Sports_car,NULL,NULL,NULL,NULL,NULL,NULL,NULL,NULL,Front-engine rear-wheel-drive layout,"http://dbpedia.org/resource/Front-engine,_rear-wheel-drive_layout",NULL,Nissan Motor Company,http://dbpedia.org/resource/Nissan_Motor_Company,NULL,NULL,NULL,NULL,NULL,NULL,NULL,1969-01-01T00:00:00+02:00,NULL,1969-01-01T00:00:00+02:00,NULL,NULL,NULL,NULL,NULL,NULL,200px-NISSAN_FAIRLADY_Z_Z34_logo.svg.png,http://upload.wikimedia.org/wikipedia/commons/thumb/a/ab/NISSAN_FAIRLADY_Z_Z34_logo.svg/200px-NISSAN_FAIRLADY_Z_Z34_logo.svg.png,NULL,NULL,NULL,NULL,NULL,NULL,NULL,NULL,NULL,{automobile|mean of transportation|Product|owl#Thing},{http://dbpedia.org/ontology/Automobile|http://dbpedia.org/ontology/MeanOfTransportation|http://schema.org/Product|http://www.w3.org/2002/07/owl#Thing},NULL,NULL,NISSAN_FAIRLADY_Z_Z34_logo.svg,http://upload.wikimedia.org/wikipedia/commons/a/ab/NISSAN_FAIRLADY_Z_Z34_logo.svg,{Nissan Fairlady Z (Japan)|Nissan Fairlady Z (Z-car series)}
http://dbpedia.org/resource/Porsche_914,Porsche 914,The Porsche 914 or VW-Porsche 914 is a mid-engined targa-topped two-seat roadster designed manufactured and marketed collaboratively by Volkswagen and Porsche from 1969 to 1976.,{Osnabr√ºck|Stuttgart|West Germany},{http://dbpedia.org/resource/Osnabr%C3%BCck|http://dbpedia.org/resource/Stuttgart|http://dbpedia.org/resource/West_Germany},NULL,NULL,{Coup√©|Targa top},{http://dbpedia.org/resource/Coup%C3%A9|http://dbpedia.org/resource/Targa_top},Sports car,http://dbpedia.org/resource/Sports_car,NULL,NULL,NULL,NULL,{Porsche_914__1|Porsche_914__2|Porsche_914__3|Porsche_914__4},{http://dbpedia.org/resource/Porsche_914__1|http://dbpedia.org/resource/Porsche_914__2|http://dbpedia.org/resource/Porsche_914__3|http://dbpedia.org/resource/Porsche_914__4},NULL,1.23,Rear mid-engine rear-wheel-drive layout,"http://dbpedia.org/resource/Rear_mid-engine,_rear-wheel-drive_layout",3.985,{Karmann|Porsche},{http://dbpedia.org/resource/Karmann|http://dbpedia.org/resource/Porsche},NULL,NULL,NULL,NULL,{Porsche 912|Volkswagen Karmann Ghia},{http://dbpedia.org/resource/Porsche_912|http://dbpedia.org/resource/Volkswagen_Karmann_Ghia},NULL,1976-01-01T00:00:00+02:00,NULL,1969-01-01T00:00:00+02:00,Porsche 914-6 GT,http://dbpedia.org/resource/Porsche_914-6_GT,NULL,NULL,Porsche 924,http://dbpedia.org/resource/Porsche_924,200px-MHV_VW-Porsche_914-6.jpg,http://upload.wikimedia.org/wikipedia/commons/thumb/c/c9/MHV_VW-Porsche_914-6.jpg/200px-MHV_VW-Porsche_914-6.jpg,NULL,NULL,NULL,NULL,NULL,940000,2.45,1.65,NULL,{automobile|mean of transportation|Product|owl#Thing},{http://dbpedia.org/ontology/Automobile|http://dbpedia.org/ontology/MeanOfTransportation|http://schema.org/Product|http://www.w3.org/2002/07/owl#Thing},NULL,NULL,MHV_VW-Porsche_914-6.jpg,http://upload.wikimedia.org/wikipedia/commons/c/c9/MHV_VW-Porsche_914-6.jpg,{Porsche 914|VW-Porsche 914}
http://dbpedia.org/resource/AMC_Gremlin,AMC Gremlin,The AMC Gremlin is a two-door subcompact car produced in the United States Canada and Mexico by the American Motors Corporation (AMC) and Veh√≠culos Automotores Mexicanos. The Gremlin was an economy car by 1970s U.S. standards. It served as a foundation for alternative fuels and power systems including pure electric. Designed by Bob Nixon from an idea by Richard A. Teague the car was based on a shortened and adapted Hornet platform with a Kammback-type tail.,{Brampton|Kenosha Wisconsin|Mexico City|Veh√≠culos Automotores Mexicanos},"{http://dbpedia.org/resource/Brampton|http://dbpedia.org/resource/Kenosha,_Wisconsin|http://dbpedia.org/resource/Mexico_City|http://dbpedia.org/resource/Veh%C3%ADculos_Automotores_Mexicanos}",NULL,NULL,Hatchback,http://dbpedia.org/resource/Hatchback,Subcompact car,http://dbpedia.org/resource/Subcompact_car,Richard A. Teague,http://dbpedia.org/resource/Richard_A._Teague,Richard A. Teague,http://dbpedia.org/resource/Richard_A._Teague,{AMC_Gremlin__1|AMC_Gremlin__2|AMC_Gremlin__3|AMC_Gremlin__4|AMC_Gremlin__5|AMC_Gremlin__6},{http://dbpedia.org/resource/AMC_Gremlin__1|http://dbpedia.org/resource/AMC_Gremlin__2|http://dbpedia.org/resource/AMC_Gremlin__3|http://dbpedia.org/resource/AMC_Gremlin__4|http://dbpedia.org/resource/AMC_Gremlin__5|http://dbpedia.org/resource/AMC_Gremlin__6},NULL,1.31572,Front-engine rear-wheel-drive layout,"http://dbpedia.org/resource/Front-engine,_rear-wheel-drive_layout",4.09702,American Motors,http://dbpedia.org/resource/American_Motors,NULL,NULL,NULL,NULL,NULL,NULL,NULL,1978-01-01T00:00:00+02:00,NULL,1970-01-01T00:00:00+02:00,{AMC Concord|AMC Eagle|AMC Hornet|AMC Pacer|AMC Spirit},{http://dbpedia.org/resource/AMC_Concord|http://dbpedia.org/resource/AMC_Eagle|http://dbpedia.org/resource/AMC_Hornet|http://dbpedia.org/resource/AMC_Pacer|http://dbpedia.org/resource/AMC_Spirit},NULL,NULL,AMC Spirit,http://dbpedia.org/resource/AMC_Spirit,200px-1977_AMC_Gremlin_X_-_Hershey_2012_d.jpg,http://upload.wikimedia.org/wikipedia/commons/thumb/d/d0/1977_AMC_Gremlin_X_-_Hershey_2012_d.jpg/200px-1977_AMC_Gremlin_X_-_Hershey_2012_d.jpg,{3-speed Chrysler TorqueFlite automatic (1972‚Äì1978)|3-speed Borg-Warner automatic (1970‚Äì1971)|3-speed with Laycock de Normanville overdrive|3/4-speed Borg-Warner manual},NULL,NULL,NULL,NULL,1.19E+06,2.4384,1.79324,NULL,{automobile|mean of transportation|Product|owl#Thing},{http://dbpedia.org/ontology/Automobile|http://dbpedia.org/ontology/MeanOfTransportation|http://schema.org/Product|http://www.w3.org/2002/07/owl#Thing},NULL,NULL,1977_AMC_Gremlin_X_-_Hershey_2012_d.jpg,http://upload.wikimedia.org/wikipedia/commons/d/d0/1977_AMC_Gremlin_X_-_Hershey_2012_d.jpg,AMC Gremlin
http://dbpedia.org/resource/1948_Tucker_Sedan,1948 Tucker Sedan,The Tucker 48 (for its model year) was referred to as the Tucker Torpedo only as it was being designed and promoted. A common misconception is to call the ‚ÄúTucker 48‚Äù the ‚ÄúTucker Torpedo‚Äù. This name was never used in conjunction with the actual production car as its name was officially ‚ÄúTucker 48‚Äù. It was an advanced automobile conceived by Preston Tucker and briefly produced in Chicago in 1948.,Chicago,http://dbpedia.org/resource/Chicago,NULL,NULL,NULL,NULL,Sedan (automobile),http://dbpedia.org/resource/Sedan_(automobile),Alex Tremulis,http://dbpedia.org/resource/Alex_Tremulis,Alex Tremulis,http://dbpedia.org/resource/Alex_Tremulis,1948_Tucker_Sedan__1,http://dbpedia.org/resource/1948_Tucker_Sedan__1,NULL,1.524,Rear-engine rear-wheel-drive layout,"http://dbpedia.org/resource/Rear-engine,_rear-wheel-drive_layout",5.5626,Preston Tucker,http://dbpedia.org/resource/Preston_Tucker,NULL,NULL,NULL,NULL,NULL,NULL,NULL,NULL,NULL,1947-01-01T00:00:00+02:00,NULL,NULL,NULL,NULL,NULL,NULL,200px-1948_Tucker_Sedan_at_the_Blackhawk_Museum.jpg,http://upload.wikimedia.org/wikipedia/commons/thumb/c/c8/1948_Tucker_Sedan_at_the_Blackhawk_Museum.jpg/200px-1948_Tucker_Sedan_at_the_Blackhawk_Museum.jpg,{Cord 810/812; Tucker Y-1 (Modified Cord 810/812);|TuckerMatic (R-1 R-1-2 R-3 versions)},NULL,NULL,NULL,NULL,1.91E+06,3.2512,2.0066,NULL,{automobile|mean of transportation|Product|owl#Thing},{http://dbpedia.org/ontology/Automobile|http://dbpedia.org/ontology/MeanOfTransportation|http://schema.org/Product|http://www.w3.org/2002/07/owl#Thing},NULL,NULL,1948_Tucker_Sedan_at_the_Blackhawk_Museum.jpg,http://upload.wikimedia.org/wikipedia/commons/c/c8/1948_Tucker_Sedan_at_the_Blackhawk_Museum.jpg,Tucker '48
http://dbpedia.org/resource/Lotus_Seven,Lotus Seven,The Lotus Seven is a small simple lightweight two-seater open-top sports car produced by Lotus Cars (initially called Lotus Engineering) between 1957 and 1972. It was designed by Lotus founder Colin Chapman and has been considered the embodiment of the Lotus philosophy of performance through low weight and simplicity. The original model was highly successful with more than 2500 cars sold due to its attraction as a road legal car that could be used for clubman racing.,{Hethel|Norfolk|United Kingdom},{http://dbpedia.org/resource/Hethel|http://dbpedia.org/resource/Norfolk|http://dbpedia.org/resource/United_Kingdom},NULL,NULL,Roadster (automobile),http://dbpedia.org/resource/Roadster_(automobile),Sports car,http://dbpedia.org/resource/Sports_car,Colin Chapman,http://dbpedia.org/resource/Colin_Chapman,Colin Chapman,http://dbpedia.org/resource/Colin_Chapman,NULL,NULL,NULL,NULL,Front-engine rear-wheel-drive layout,"http://dbpedia.org/resource/Front-engine,_rear-wheel-drive_layout",NULL,Lotus Cars,http://dbpedia.org/resource/Lotus_Cars,NULL,NULL,NULL,NULL,Lotus Mark VI,http://dbpedia.org/resource/Lotus_Mark_VI,NULL,1972-01-01T00:00:00+02:00,NULL,1957-01-01T00:00:00+02:00,NULL,NULL,NULL,NULL,Caterham 7,http://dbpedia.org/resource/Caterham_7,200px-1965LotusSevenSeriesII.jpg,http://upload.wikimedia.org/wikipedia/commons/thumb/9/97/1965LotusSevenSeriesII.jpg/200px-1965LotusSevenSeriesII.jpg,manual,NULL,NULL,NULL,NULL,NULL,NULL,NULL,NULL,{automobile|mean of transportation|Product|owl#Thing},{http://dbpedia.org/ontology/Automobile|http://dbpedia.org/ontology/MeanOfTransportation|http://schema.org/Product|http://www.w3.org/2002/07/owl#Thing},NULL,NULL,1965LotusSevenSeriesII.jpg,http://upload.wikimedia.org/wikipedia/commons/9/97/1965LotusSevenSeriesII.jpg,{Lotus 7|Lotus Seven}
http://dbpedia.org/resource/Volkswagen_Beetle,Volkswagen Beetle,The Volkswagen Beetle officially called the Volkswagen Type 1 (or informally the Volkswagen Bug) is an economy car produced by the German auto maker Volkswagen (VW) from 1938 until 2003. With over 21¬†million manufactured in an air-cooled rear-engined rear-wheel drive configuration the Beetle is the longest-running and most-manufactured car of a single design platform worldwide.,{Auckland|Brussels|Dublin|Emden|Hanover|Ingolstadt|Jakarta|Lagos|Manila|Melbourne|Osnabr√ºck|Puebla Puebla|S√£o Bernardo do Campo|Sarajevo|Socialist Federal Republic of Yugoslavia|Uitenhage|Valencia Carabobo|Wolfsburg},"{http://dbpedia.org/resource/Auckland|http://dbpedia.org/resource/Brussels|http://dbpedia.org/resource/Dublin|http://dbpedia.org/resource/Emden|http://dbpedia.org/resource/Hanover|http://dbpedia.org/resource/Ingolstadt|http://dbpedia.org/resource/Jakarta|http://dbpedia.org/resource/Lagos|http://dbpedia.org/resource/Manila|http://dbpedia.org/resource/Melbourne|http://dbpedia.org/resource/Osnabr%C3%BCck|http://dbpedia.org/resource/Puebla,_Puebla|http://dbpedia.org/resource/S%C3%A3o_Bernardo_do_Campo|http://dbpedia.org/resource/Sarajevo|http://dbpedia.org/resource/Socialist_Federal_Republic_of_Yugoslavia|http://dbpedia.org/resource/Uitenhage|http://dbpedia.org/resource/Valencia,_Carabobo|http://dbpedia.org/resource/Wolfsburg}",NULL,NULL,{Convertible|Sedan (automobile)},{http://dbpedia.org/resource/Convertible|http://dbpedia.org/resource/Sedan_(automobile)},{Economy car|Subcompact car},{http://dbpedia.org/resource/Economy_car|http://dbpedia.org/resource/Subcompact_car},NULL,NULL,NULL,NULL,Volkswagen_Beetle__1,http://dbpedia.org/resource/Volkswagen_Beetle__1,NULL,NULL,Rear-engine rear-wheel-drive layout,"http://dbpedia.org/resource/Rear-engine,_rear-wheel-drive_layout",NULL,Volkswagen,http://dbpedia.org/resource/Volkswagen,NULL,NULL,NULL,NULL,NULL,NULL,NULL,2003-01-01T00:00:00+02:00,NULL,1938-01-01T00:00:00+02:00,NULL,NULL,NULL,NULL,{Volkswagen Golf|Volkswagen Group A platform|Volkswagen Jetta|Volkswagen New Beetle},{http://dbpedia.org/resource/Volkswagen_Golf|http://dbpedia.org/resource/Volkswagen_Group_A_platform|http://dbpedia.org/resource/Volkswagen_Jetta|http://dbpedia.org/resource/Volkswagen_New_Beetle},200px-VolkswagenBeetle-001.jpg,http://upload.wikimedia.org/wikipedia/commons/thumb/8/88/VolkswagenBeetle-001.jpg/200px-VolkswagenBeetle-001.jpg,4-speed manual transaxle 4-spd semi-automatic Saxomat (from 1961) 3-spd semi-automatic Autostick (1967-76),NULL,NULL,NULL,NULL,NULL,NULL,NULL,NULL,{automobile|mean of transportation|Product|owl#Thing},{http://dbpedia.org/ontology/Automobile|http://dbpedia.org/ontology/MeanOfTransportation|http://schema.org/Product|http://www.w3.org/2002/07/owl#Thing},NULL,NULL,VolkswagenBeetle-001.jpg,http://upload.wikimedia.org/wikipedia/commons/8/88/VolkswagenBeetle-001.jpg,{Beetle Super Beetle K√§fer Bug and other nicknames|Volkswagen Type 1}
http://dbpedia.org/resource/Mini,Mini,The Mini is a small economy car made by the British Motor Corporation (BMC) and its successors from 1959 until 2000. The original is considered a British icon of the 1960s. Its space-saving front-wheel drive layout¬†‚Äì allowing 80¬†per cent of the area of the car's floorpan to be used for passengers and luggage¬†‚Äì influenced a generation of car makers.,NULL,NULL,NULL,NULL,{Pickup truck|Sedan (automobile)|Station wagon|Van},{http://dbpedia.org/resource/Pickup_truck|http://dbpedia.org/resource/Sedan_(automobile)|http://dbpedia.org/resource/Station_wagon|http://dbpedia.org/resource/Van},City car,http://dbpedia.org/resource/City_car,Alec Issigonis,http://dbpedia.org/resource/Alec_Issigonis,Alec Issigonis,http://dbpedia.org/resource/Alec_Issigonis,Mini__1,http://dbpedia.org/resource/Mini__1,NULL,1.346,Front-engine front-wheel-drive layout,"http://dbpedia.org/resource/Front-engine,_front-wheel-drive_layout",3.054,{Authi|BMC_South_Africa|British Leyland|British Motor Corporation|British Motor Corporation (Australia)|Innocenti|Rover Group},{http://dbpedia.org/resource/Authi|http://dbpedia.org/resource/BMC_South_Africa|http://dbpedia.org/resource/British_Leyland|http://dbpedia.org/resource/British_Motor_Corporation|http://dbpedia.org/resource/British_Motor_Corporation_(Australia)|http://dbpedia.org/resource/Innocenti|http://dbpedia.org/resource/Rover_Group},NULL,NULL,NULL,NULL,NULL,NULL,NULL,1959-01-01T00:00:00+02:00,NULL,1959-01-01T00:00:00+02:00,{Austin Metro|Innocenti Mini|Mini Moke},{http://dbpedia.org/resource/Austin_Metro|http://dbpedia.org/resource/Innocenti_Mini|http://dbpedia.org/resource/Mini_Moke},NULL,NULL,Mini Hatch,http://dbpedia.org/resource/Mini_Hatch,200px-Morris_Mini-Minor_1959.jpg,http://upload.wikimedia.org/wikipedia/commons/thumb/3/36/Morris_Mini-Minor_1959.jpg/200px-Morris_Mini-Minor_1959.jpg,{5-speed manual (optional extra on some later models)|4-speed automatic|4-speed manual},NULL,NULL,NULL,NULL,NULL,2.036,1.397,NULL,{automobile|mean of transportation|Product|owl#Thing},{http://dbpedia.org/ontology/Automobile|http://dbpedia.org/ontology/MeanOfTransportation|http://schema.org/Product|http://www.w3.org/2002/07/owl#Thing},NULL,NULL,Morris_Mini-Minor_1959.jpg,http://upload.wikimedia.org/wikipedia/commons/3/36/Morris_Mini-Minor_1959.jpg,{Austin 850|Austin Mini|Austin Partner|Austin Seven|Leyland Mini|Mini|Morris 850|Morris Mascot|Morris Mini|Riley Elf|Rover Mini|Wolseley 1000|Wolseley Hornet}
http://dbpedia.org/resource/Lada_Niva,Lada Niva,The Lada Niva or VAZ-2121 (Russian: –õ–∞–¥–∞ –ù–∏–≤–∞; Niva is the Russian word for crop field) is an off-road vehicle produced by the Russian (former Soviet) manufacturer Lada. It was also marketed as the Lada Sport in Iceland Lada Taiga in Austria Bognor Diva in Uruguay and is currently offered as the Lada 4x4 in Russia.,{Bogot√°|Colombia|Ecuador|Kazakhstan|Montevideo|Oskemen|Quito|Russia|Tolyatti|Uruguay},{http://dbpedia.org/resource/Bogot%C3%A1|http://dbpedia.org/resource/Colombia|http://dbpedia.org/resource/Ecuador|http://dbpedia.org/resource/Kazakhstan|http://dbpedia.org/resource/Montevideo|http://dbpedia.org/resource/Oskemen|http://dbpedia.org/resource/Quito|http://dbpedia.org/resource/Russia|http://dbpedia.org/resource/Tolyatti|http://dbpedia.org/resource/Uruguay},NULL,NULL,{Pickup truck|Sport utility vehicle|Van},{http://dbpedia.org/resource/Pickup_truck|http://dbpedia.org/resource/Sport_utility_vehicle|http://dbpedia.org/resource/Van},{Mini SUV|Pickup truck},{http://dbpedia.org/resource/Mini_SUV|http://dbpedia.org/resource/Pickup_truck},NULL,NULL,NULL,NULL,{Lada_Niva__1|Lada_Niva__2},{http://dbpedia.org/resource/Lada_Niva__1|http://dbpedia.org/resource/Lada_Niva__2},NULL,1.64,Front-engine four-wheel-drive layout,"http://dbpedia.org/resource/Front-engine,_four-wheel-drive_layout",3.74,Lada,http://dbpedia.org/resource/Lada,NULL,NULL,NULL,NULL,NULL,NULL,NULL,NULL,NULL,1977-01-01T00:00:00+02:00,NULL,NULL,NULL,NULL,NULL,NULL,200px-Lada_Niva_1991_Brazil.jpg,http://upload.wikimedia.org/wikipedia/commons/thumb/3/39/Lada_Niva_1991_Brazil.jpg/200px-Lada_Niva_1991_Brazil.jpg,{4-speed manual|5-speed manual},NULL,NULL,NULL,NULL,NULL,2.2,1.68,NULL,{automobile|mean of transportation|Product|owl#Thing},{http://dbpedia.org/ontology/Automobile|http://dbpedia.org/ontology/MeanOfTransportation|http://schema.org/Product|http://www.w3.org/2002/07/owl#Thing},NULL,NULL,Lada_Niva_1991_Brazil.jpg,http://upload.wikimedia.org/wikipedia/commons/3/39/Lada_Niva_1991_Brazil.jpg,{Bognor Diva (Uruguay)|Lada 4x4 (Russia)|Lada Niva|Lada Sport (Iceland)|Lada Taiga (Austria)|VAZ 2121 (Russia)}
http://dbpedia.org/resource/Chaika_(car),Chaika (car),A Chaika which means gull is a luxury automobile from the Soviet Union made by GAZ. The vehicle is one step down from the ZIL limousine.,NULL,NULL,NULL,NULL,NULL,NULL,Luxury vehicle,http://dbpedia.org/resource/Luxury_vehicle,NULL,NULL,NULL,NULL,{Chaika_(car)__1|Chaika_(car)__8-cylinder__1},{http://dbpedia.org/resource/Chaika_(car)__1|http://dbpedia.org/resource/Chaika_(car)__8-cylinder__1},NULL,1.58,Front-engine rear-wheel-drive layout,"http://dbpedia.org/resource/Front-engine,_rear-wheel-drive_layout",5.6,GAZ,http://dbpedia.org/resource/GAZ,NULL,NULL,NULL,NULL,GAZ-12 ZIM,http://dbpedia.org/resource/GAZ-12_ZIM,NULL,1981-01-01T00:00:00+02:00,NULL,1959-01-01T00:00:00+02:00,NULL,NULL,NULL,NULL,NULL,NULL,200px-53102chaika.jpg,http://upload.wikimedia.org/wikipedia/commons/thumb/8/86/53102chaika.jpg/200px-53102chaika.jpg,3-speed automatic,NULL,NULL,NULL,NULL,2.05E+06,3.25,2,NULL,{automobile|mean of transportation|Product|owl#Thing},{http://dbpedia.org/ontology/Automobile|http://dbpedia.org/ontology/MeanOfTransportation|http://schema.org/Product|http://www.w3.org/2002/07/owl#Thing},NULL,NULL,53102chaika.jpg,http://upload.wikimedia.org/wikipedia/commons/8/86/53102chaika.jpg,M13 Chaika
http://dbpedia.org/resource/FSO_Syrena,FSO Syrena,The Syrena was a Polish automobile model first exhibited at the Pozna≈Ñ Trade Fair in 1955 and manufactured from 1957 to 1972 by the Fabryka Samochod√≥w Osobowych (FSO) in Warsaw and from 1972 to 1983 by FSM in Bielsko-Bia≈Ça. 177234 were made by FSO and 344077 by FSM a total of 521311. During its remarkably long production run it underwent only minor modifications. The Syrena was produced in various models: 100 101 102 103 104 while the most popular model was the 105.,NULL,NULL,NULL,NULL,{Panel van|Pickup truck|Sedan (automobile)},{http://dbpedia.org/resource/Panel_van|http://dbpedia.org/resource/Pickup_truck|http://dbpedia.org/resource/Sedan_(automobile)},NULL,NULL,NULL,NULL,NULL,NULL,{FSO_Syrena__1|FSO_Syrena__3},{http://dbpedia.org/resource/FSO_Syrena__1|http://dbpedia.org/resource/FSO_Syrena__3},NULL,1.52,Front-engine front-wheel-drive layout,"http://dbpedia.org/resource/Front-engine,_front-wheel-drive_layout",4.03,{Fabryka Samochod√≥w Ma≈Çolitra≈ºowych|Fabryka Samochod√≥w Osobowych},{http://dbpedia.org/resource/Fabryka_Samochod%C3%B3w_Ma%C5%82olitra%C5%BCowych|http://dbpedia.org/resource/Fabryka_Samochod%C3%B3w_Osobowych},NULL,NULL,NULL,NULL,NULL,NULL,NULL,1983-01-01T00:00:00+02:00,NULL,1957-01-01T00:00:00+02:00,NULL,NULL,NULL,NULL,Polski Fiat 125p,http://dbpedia.org/resource/Polski_Fiat_125p,200px-105przod.jpg,http://upload.wikimedia.org/wikipedia/commons/thumb/0/01/105przod.jpg/200px-105przod.jpg,4-speed manual,NULL,NULL,NULL,NULL,950000,2.3,1.53,NULL,{automobile|mean of transportation|Product|owl#Thing},{http://dbpedia.org/ontology/Automobile|http://dbpedia.org/ontology/MeanOfTransportation|http://schema.org/Product|http://www.w3.org/2002/07/owl#Thing},NULL,NULL,105przod.jpg,http://upload.wikimedia.org/wikipedia/commons/0/01/105przod.jpg,Syrena
http://dbpedia.org/resource/Lada_Samara,Lada Samara,The Lada Samara is an economy car produced by Soviet/Russian vehicle manufacturer AvtoVAZ under the Lada brand since 1984. The brand name Samara originally was used only for exported models in Russia the same model was called Sputnik (satellite) until 1991 when the sedan version of Samara entered in production using the export name. The production of Lada Samara will be ended in 2013. However there is no word of the pickup version to be discontinued.,{Finland|Kazakhstan|Montevideo|Oskemen|Russia|Tolyatti|Ukraine|Uruguay|Uusikaupunki|Zaporizhia},{http://dbpedia.org/resource/Finland|http://dbpedia.org/resource/Kazakhstan|http://dbpedia.org/resource/Montevideo|http://dbpedia.org/resource/Oskemen|http://dbpedia.org/resource/Russia|http://dbpedia.org/resource/Tolyatti|http://dbpedia.org/resource/Ukraine|http://dbpedia.org/resource/Uruguay|http://dbpedia.org/resource/Uusikaupunki|http://dbpedia.org/resource/Zaporizhia},NULL,NULL,{Hatchback|Sedan (automobile)},{http://dbpedia.org/resource/Hatchback|http://dbpedia.org/resource/Sedan_(automobile)},Economy car,http://dbpedia.org/resource/Economy_car,NULL,NULL,NULL,NULL,NULL,NULL,NULL,1.335,Front-engine front-wheel-drive layout,"http://dbpedia.org/resource/Front-engine,_front-wheel-drive_layout",4.005,Lada,http://dbpedia.org/resource/Lada,NULL,NULL,NULL,NULL,NULL,NULL,NULL,2108-01-01T00:00:00+02:00,NULL,2108-01-01T00:00:00+02:00,NULL,NULL,NULL,NULL,NULL,NULL,200px-Lada_2109_Samara_1300_S_Hanseat_Front.JPG,http://upload.wikimedia.org/wikipedia/commons/thumb/f/fd/Lada_2109_Samara_1300_S_Hanseat_Front.JPG/200px-Lada_2109_Samara_1300_S_Hanseat_Front.JPG,NULL,NULL,NULL,NULL,NULL,NULL,2.46,1.65,NULL,{automobile|mean of transportation|Product|owl#Thing},{http://dbpedia.org/ontology/Automobile|http://dbpedia.org/ontology/MeanOfTransportation|http://schema.org/Product|http://www.w3.org/2002/07/owl#Thing},NULL,NULL,Lada_2109_Samara_1300_S_Hanseat_Front.JPG,http://upload.wikimedia.org/wikipedia/commons/f/fd/Lada_2109_Samara_1300_S_Hanseat_Front.JPG,{Bognor Sagona (ROU)|Lada Forma (Sedan)|Lada Sagona (Sedan)|Lada Samara|Lada Samara 2|Lada Sputnik|VAZ 2108/2109/21099|VAZ 2113/2114/2115}
http://dbpedia.org/resource/BMW_328,BMW 328,The BMW 328 is a sports car made by BMW between 1936 and 1940 with the body design credited to Peter Szymanowski who became BMW chief of design after World War II (although technically the car was designed by Fritz Fiedler).,{Eisenach|Germany},{http://dbpedia.org/resource/Eisenach|http://dbpedia.org/resource/Germany},NULL,NULL,Roadster (automobile),http://dbpedia.org/resource/Roadster_(automobile),Sports car,http://dbpedia.org/resource/Sports_car,{Ernst Loof|Fritz Fiedler|Peter_Szymanowski},{http://dbpedia.org/resource/Ernst_Loof|http://dbpedia.org/resource/Fritz_Fiedler|http://dbpedia.org/resource/Peter_Szymanowski},{Ernst Loof|Fritz Fiedler|Peter_Szymanowski},{http://dbpedia.org/resource/Ernst_Loof|http://dbpedia.org/resource/Fritz_Fiedler|http://dbpedia.org/resource/Peter_Szymanowski},BMW_328__1,http://dbpedia.org/resource/BMW_328__1,NULL,1.4,Front-engine rear-wheel-drive layout,"http://dbpedia.org/resource/Front-engine,_rear-wheel-drive_layout",3.9,BMW,http://dbpedia.org/resource/BMW,NULL,NULL,NULL,NULL,NULL,NULL,NULL,1940-01-01T00:00:00+02:00,NULL,1936-01-01T00:00:00+02:00,BMW 326,http://dbpedia.org/resource/BMW_326,NULL,NULL,NULL,NULL,200px-BMW_328_(16.06.2007).jpg,http://upload.wikimedia.org/wikipedia/commons/thumb/6/66/BMW_328_(16.06.2007).jpg/200px-BMW_328_(16.06.2007).jpg,4-speed manual,NULL,NULL,NULL,NULL,830000,2.4,1.55,NULL,{automobile|mean of transportation|Product|owl#Thing},{http://dbpedia.org/ontology/Automobile|http://dbpedia.org/ontology/MeanOfTransportation|http://schema.org/Product|http://www.w3.org/2002/07/owl#Thing},NULL,NULL,BMW_328_(16.06.2007).jpg,http://upload.wikimedia.org/wikipedia/commons/6/66/BMW_328_(16.06.2007).jpg,BMW 328